id,member_id,loan_amnt,funded_amnt,funded_amnt_inv,term,int_rate,installment,grade,sub_grade,emp_title,emp_length,home_ownership,annual_inc,verification_status,issue_d,loan_status,pymnt_plan,url,desc,purpose,title,zip_code,addr_state,dti,delinq_2yrs,earliest_cr_line,inq_last_6mths,mths_since_last_delinq,mths_since_last_record,open_acc,pub_rec,revol_bal,revol_util,total_acc,initial_list_status,out_prncp,out_prncp_inv,total_pymnt,total_pymnt_inv,total_rec_prncp,total_rec_int,total_rec_late_fee,recoveries,collection_recovery_fee,last_pymnt_d,last_pymnt_amnt,next_pymnt_d,last_credit_pull_d,collections_12_mths_ex_med,mths_since_last_major_derog,policy_code,application_type,annual_inc_joint,dti_joint,verification_status_joint,acc_now_delinq,tot_coll_amt,tot_cur_bal,open_acc_6m,open_il_6m,open_il_12m,open_il_24m,mths_since_rcnt_il,total_bal_il,il_util,open_rv_12m,open_rv_24m,max_bal_bc,all_util,total_rev_hi_lim,inq_fi,total_cu_tl,inq_last_12m
44379288,47447016,25000.0,25000.0,25000.0, 60 months,10.99,543.44,B,B4,Manager Case Management/Nurse,3 years,MORTGAGE,87937.0,Source Verified,Apr-2015,Current,n,https://www.lendingclub.com/browse/loanDetail.action?loan_id=44379288,,home_improvement,Home improvement,750xx,TX,29.15,2.0,Oct-1996,1.0,16.0,,16.0,0.0,14164.0,64.7,34.0,w,22063.73,22063.73,4875.7,4875.7,2936.27,1939.43,0.0,0.0,0.0,Jan-2016,543.44,Feb-2016,Jan-2016,0.0,,1.0,INDIVIDUAL,,,,0.0,0.0,155282.0,,,,,,,,,,,,21900.0,,,
33681824,36305060,4100.0,4100.0,4100.0, 36 months,12.99,138.13,C,C2,Office Support Specialist III,7 years,MORTGAGE,49593.0,Not Verified,Nov-2014,Current,n,https://www.lendingclub.com/browse/loanDetail.action?loan_id=33681824,,debt_consolidation,Debt consolidation,554xx,MN,26.94,0.0,Nov-1997,0.0,,,11.0,0.0,31605.0,75.2,35.0,w,2691.07,2691.07,1930.86,1930.86,1408.93,521.93,0.0,0.0,0.0,Jan-2016,138.13,Feb-2016,Jan-2016,0.0,,1.0,INDIVIDUAL,,,,0.0,0.0,162553.0,,,,,,,,,,,,42000.0,,,
7091301,6717836,24000.0,24000.0,23950.0, 60 months,12.35,538.13,B,B4,New Hampshire Precision Metal Fabricator,8 years,MORTGAGE,110000.0,Source Verified,Sep-2013,Fully Paid,n,https://www.lendingclub.com/browse/loanDetail.action?loan_id=7091301,  Borrower added on 09/09/13 > Consolidate credit card debt.<br>,debt_consolidation,Debt consolidation,031xx,NH,8.69,1.0,Oct-1994,0.0,7.0,,13.0,0.0,27001.0,57.8,28.0,f,0.0,0.0,26758.7018566,26702.96,24000.0,2758.7,0.0,0.0,0.0,Sep-2014,20840.63,,Sep-2014,0.0,,1.0,INDIVIDUAL,,,,0.0,136.0,288727.0,,,,,,,,,,,,46700.0,,,
60176079,64152820,21000.0,21000.0,21000.0, 36 months,6.89,647.37,A,A3,Client Partner,< 1 year,MORTGAGE,150000.0,Not Verified,Sep-2015,Current,n,https://www.lendingclub.com/browse/loanDetail.action?loan_id=60176079,,home_improvement,Home improvement,920xx,CA,6.22,0.0,Dec-1988,1.0,,,7.0,0.0,7937.0,16.1,15.0,w,18874.6,18874.6,2581.44,2581.44,2125.4,456.04,0.0,0.0,0.0,Jan-2016,647.37,Feb-2016,Jan-2016,0.0,,1.0,INDIVIDUAL,,,,0.0,0.0,236210.0,,,,,,,,,,,,49300.0,,,
30245351,32788537,14625.0,14625.0,14625.0, 60 months,17.57,367.97,D,D4,Machinist,9 years,MORTGAGE,65000.0,Not Verified,Oct-2014,Charged Off,n,https://www.lendingclub.com/browse/loanDetail.action?loan_id=30245351,,debt_consolidation,Debt consolidation,280xx,NC,15.56,0.0,Jun-2002,0.0,29.0,,11.0,0.0,1196.0,10.4,29.0,w,0.0,0.0,1089.63,1089.63,468.3,621.33,0.0,0.0,0.0,Feb-2015,367.97,,Jan-2016,0.0,53.0,1.0,INDIVIDUAL,,,,0.0,1922.0,186056.0,,,,,,,,,,,,11500.0,,,
42474147,45440913,10000.0,10000.0,9975.0, 36 months,14.65,344.95,C,C5,Sales,10+ years,MORTGAGE,29000.0,Not Verified,Mar-2015,Fully Paid,n,https://www.lendingclub.com/browse/loanDetail.action?loan_id=42474147,,debt_consolidation,Debt consolidation,972xx,OR,24.59,0.0,May-2003,1.0,,,10.0,0.0,11846.0,58.9,29.0,f,0.0,0.0,10241.08,10215.48,10000.0,241.08,0.0,0.0,0.0,May-2015,9904.27,,May-2015,0.0,,1.0,INDIVIDUAL,,,,0.0,0.0,82922.0,,,,,,,,,,,,20100.0,,,
45644356,48752077,32000.0,32000.0,32000.0, 60 months,18.84,827.29,E,E2,IT Manager,2 years,MORTGAGE,125000.0,Verified,Apr-2015,Fully Paid,n,https://www.lendingclub.com/browse/loanDetail.action?loan_id=45644356,,credit_card,Credit card refinancing,088xx,NJ,22.1,0.0,Oct-1990,2.0,,,18.0,0.0,172708.0,51.5,47.0,w,0.0,0.0,33505.98,33505.98,32000.0,1505.98,0.0,0.0,0.0,Jul-2015,31918.39,,Jul-2015,0.0,,1.0,INDIVIDUAL,,,,0.0,0.0,655092.0,,,,,,,,,,,,217700.0,,,
46225136,49332874,10000.0,10000.0,10000.0, 36 months,11.53,329.91,B,B5,sales,8 years,OWN,35000.0,Not Verified,Apr-2015,Current,n,https://www.lendingclub.com/browse/loanDetail.action?loan_id=46225136,,medical,Medical expenses,750xx,TX,14.23,0.0,Aug-2005,0.0,,,3.0,0.0,7632.0,68.8,14.0,f,7812.84,7812.84,2956.38,2956.38,2187.16,769.22,0.0,0.0,0.0,Jan-2016,329.91,Feb-2016,Jan-2016,0.0,,1.0,INDIVIDUAL,,,,0.0,0.0,9980.0,,,,,,,,,,,,11100.0,,,
33411369,36054663,32750.0,32750.0,32750.0, 60 months,19.52,858.96,E,E2,Registered nurse,10+ years,MORTGAGE,70000.0,Verified,Nov-2014,Current,n,https://www.lendingclub.com/browse/loanDetail.action?loan_id=33411369,,credit_card,Credit card refinancing,194xx,PA,22.0,0.0,Oct-1992,0.0,47.0,,22.0,0.0,24485.0,42.9,36.0,w,27667.05,27667.05,11989.92,11989.92,5082.95,6906.97,0.0,0.0,0.0,Jan-2016,858.96,Feb-2016,Jan-2016,0.0,,1.0,INDIVIDUAL,,,,0.0,0.0,280217.0,,,,,,,,,,,,57100.0,,,
20117647,22380352,14350.0,14350.0,14350.0, 36 months,12.49,480.0,B,B5,Armed Services Tech,10+ years,RENT,36000.0,Source Verified,Jul-2014,Current,n,https://www.lendingclub.com/browse/loanDetail.action?loan_id=20117647,,debt_consolidation,Debt consolidation,957xx,CA,22.87,0.0,Sep-1994,2.0,28.0,115.0,7.0,1.0,14256.0,51.1,13.0,w,7841.53,7841.53,8640.0,8640.0,6508.47,2131.53,0.0,0.0,0.0,Jan-2016,480.0,Feb-2016,Jan-2016,0.0,28.0,1.0,INDIVIDUAL,,,,0.0,0.0,16417.0,,,,,,,,,,,,27900.0,,,
5761119,7192998,16000.0,16000.0,16000.0, 36 months,13.11,539.96,B,B4,"Potelco, Inc",10+ years,RENT,120000.0,Not Verified,Jun-2013,Current,n,https://www.lendingclub.com/browse/loanDetail.action?loan_id=5761119,  Borrower added on 06/13/13 > Debt Consolidation- lower payments<br>,debt_consolidation,Debt Consolidation,985xx,WA,19.8,2.0,Jun-1993,1.0,7.0,,13.0,0.0,22054.0,70.7,27.0,f,3123.15,3123.15,16212.73,16212.73,12876.85,3335.88,0.0,0.0,0.0,Jan-2016,559.73,Feb-2016,Jan-2016,0.0,28.0,1.0,INDIVIDUAL,,,,0.0,0.0,102117.0,,,,,,,,,,,,31200.0,,,
15620468,17712878,14000.0,14000.0,14000.0, 36 months,16.59,496.29,D,D1,Personal Security Specialist,3 years,MORTGAGE,120000.0,Verified,May-2014,Fully Paid,n,https://www.lendingclub.com/browse/loanDetail.action?loan_id=15620468,,debt_consolidation,Debt consolidation,605xx,IL,19.84,0.0,May-1998,2.0,,,14.0,0.0,56108.0,74.8,25.0,w,0.0,0.0,16895.21,16895.21,14000.0,2895.21,0.0,0.0,0.0,Nov-2015,8458.28,,Dec-2015,0.0,,1.0,INDIVIDUAL,,,,0.0,0.0,423280.0,,,,,,,,,,,,75000.0,,,
4526826,5789069,11000.0,11000.0,11000.0, 36 months,10.16,355.77,B,B1,Healthtrax Fitness and Wellness,4 years,MORTGAGE,65000.0,Not Verified,May-2013,Current,n,https://www.lendingclub.com/browse/loanDetail.action?loan_id=4526826,"  Borrower added on 04/24/13 > I just got a brand  new kitchen. It was 15 years overdue. I had to gut it to the studs. I love it now, so much, but I had to charge a lot of it and just want to pay it off from the two credit cards in one monthly loan. Once I do that, I can hopefully re-do my bathroom too! Thank you so much!<br>",debt_consolidation,Finishing the Kitchen,065xx,CT,16.41,2.0,Mar-1989,0.0,16.0,,17.0,0.0,12171.0,34.5,30.0,f,1399.48,1399.48,11376.54,11376.54,9600.52,1776.02,0.0,0.0,0.0,Jan-2016,355.77,Feb-2016,Jan-2016,0.0,,1.0,INDIVIDUAL,,,,0.0,0.0,237097.0,,,,,,,,,,,,35300.0,,,
17904892,20057343,35000.0,35000.0,35000.0, 36 months,14.99,1213.12,C,C5,Housing Specialist,10+ years,MORTGAGE,90000.0,Verified,Jun-2014,Current,n,https://www.lendingclub.com/browse/loanDetail.action?loan_id=17904892,,debt_consolidation,Debt consolidation,902xx,CA,27.21,1.0,Feb-1996,0.0,19.0,,21.0,0.0,26417.0,77.2,36.0,f,18476.86,18476.86,23049.28,23049.28,16523.14,6526.14,0.0,0.0,0.0,Jan-2016,1213.12,Feb-2016,Jan-2016,0.0,,1.0,INDIVIDUAL,,,,0.0,1242.0,105932.0,,,,,,,,,,,,34200.0,,,
28774196,31287411,12000.0,12000.0,12000.0, 60 months,15.61,289.34,D,D1,Roofer,3 years,RENT,52000.0,Source Verified,Oct-2014,Current,n,https://www.lendingclub.com/browse/loanDetail.action?loan_id=28774196,,debt_consolidation,Debt consolidation,034xx,NH,10.22,0.0,Apr-2001,0.0,,,5.0,0.0,2410.0,36.5,6.0,f,9808.74,9808.74,4340.1,4340.1,2191.26,2148.84,0.0,0.0,0.0,Jan-2016,289.34,Feb-2016,Jan-2016,0.0,,1.0,INDIVIDUAL,,,,0.0,596.0,20948.0,,,,,,,,,,,,6600.0,,,
3359984,4173923,7925.0,7925.0,7925.0, 36 months,15.8,277.84,C,C3,Xenterra South rim L.L.C. ,9 years,RENT,24000.0,Not Verified,Mar-2013,Charged Off,n,https://www.lendingclub.com/browse/loanDetail.action?loan_id=3359984,,debt_consolidation,Consolidation Loan.,860xx,AZ,10.45,0.0,Apr-2003,0.0,42.0,,7.0,0.0,6006.0,45.2,16.0,f,0.0,0.0,3131.85,3131.85,1451.85,768.15,0.0,911.85,9.118499999,Nov-2013,277.84,,Apr-2014,0.0,56.0,1.0,INDIVIDUAL,,,,0.0,0.0,37290.0,,,,,,,,,,,,13300.0,,,
20949744,23232578,35000.0,35000.0,35000.0, 60 months,18.99,907.73,E,E1,Administrator,10+ years,RENT,88000.0,Verified,Jul-2014,Current,n,https://www.lendingclub.com/browse/loanDetail.action?loan_id=20949744,,credit_card,Credit card refinancing,474xx,IN,23.9,0.0,Aug-1994,0.0,,,15.0,0.0,25773.0,87.4,28.0,f,27697.05,27697.05,16339.14,16339.14,7302.95,9036.19,0.0,0.0,0.0,Jan-2016,907.73,Feb-2016,Jan-2016,0.0,,1.0,INDIVIDUAL,,,,0.0,0.0,125338.0,,,,,,,,,,,,29500.0,,,
1489848,1749180,14000.0,14000.0,14000.0, 36 months,6.03,426.1,A,A1,Pool Geek,6 years,MORTGAGE,60000.0,Not Verified,Sep-2012,Fully Paid,n,https://www.lendingclub.com/browse/loanDetail.action?loan_id=1489848,  Borrower added on 08/19/12 > This loan will be used for credit card consolidation and new well for house.<br>,credit_card,Debt Consolidation,484xx,MI,16.18,0.0,Oct-2000,0.0,,,12.0,0.0,9321.0,35.0,31.0,f,0.0,0.0,14996.4449258,14996.44,14000.0,996.44,0.0,0.0,0.0,May-2014,3780.52,,May-2014,0.0,,1.0,INDIVIDUAL,,,,0.0,0.0,133987.0,,,,,,,,,,,,26600.0,,,
43185804,46192533,11975.0,11975.0,11975.0, 60 months,18.84,309.59,E,E2,Associate Buyer,< 1 year,RENT,65000.0,Verified,Apr-2015,Fully Paid,n,https://www.lendingclub.com/browse/loanDetail.action?loan_id=43185804,,debt_consolidation,Debt consolidation,336xx,FL,11.96,1.0,Apr-2008,1.0,3.0,,15.0,0.0,4001.0,34.8,27.0,w,0.0,0.0,12465.49,12465.49,11975.0,490.49,0.0,0.0,0.0,Jun-2015,12168.43,,Jun-2015,0.0,63.0,1.0,INDIVIDUAL,,,,0.0,0.0,36862.0,,,,,,,,,,,,11500.0,,,
48626271,51875045,21600.0,21600.0,21600.0, 36 months,12.29,720.43,C,C1,Sr vp,10+ years,MORTGAGE,208000.0,Verified,May-2015,Current,n,https://www.lendingclub.com/browse/loanDetail.action?loan_id=48626271,,debt_consolidation,Debt consolidation,234xx,VA,9.11,3.0,Jan-2005,1.0,11.0,,12.0,0.0,6841.0,48.9,26.0,f,17460.2,17460.2,5746.58,5746.58,4139.8,1606.78,0.0,0.0,0.0,Jan-2016,720.43,Feb-2016,Jan-2016,0.0,14.0,1.0,INDIVIDUAL,,,,0.0,0.0,400566.0,,,,,,,,,,,,14000.0,,,
2487731,2980153,15000.0,15000.0,15000.0, 36 months,17.27,536.81,C,C5,Novero,2 years,RENT,75000.0,Source Verified,Dec-2012,Charged Off,n,https://www.lendingclub.com/browse/loanDetail.action?loan_id=2487731,  Borrower added on 12/18/12 > I have been trying to consolidate my small credit card debt to one payment. My credit has come back to a 710 level verified from a Citibank report.<br>,debt_consolidation,Debt Consolidation,073xx,NJ,1.74,1.0,Feb-1996,1.0,17.0,,3.0,0.0,1330.0,88.7,21.0,f,0.0,0.0,9245.19,9245.19,4389.81,3044.61,0.0,1810.77,81.2371999957,Jun-2014,371.35,,Jun-2014,0.0,17.0,1.0,INDIVIDUAL,,,,0.0,0.0,1330.0,,,,,,,,,,,,1500.0,,,
50013244,53371961,5050.0,5050.0,5050.0, 36 months,18.25,183.21,E,E1,Treasury Accountant,< 1 year,RENT,43500.0,Verified,May-2015,Current,n,https://www.lendingclub.com/browse/loanDetail.action?loan_id=50013244,,moving,Moving and relocation,604xx,IL,4.94,0.0,Aug-2008,1.0,29.0,,10.0,0.0,3185.0,54.9,20.0,f,4270.29,4270.29,1290.15,1290.15,779.71,510.44,0.0,0.0,0.0,Jan-2016,183.21,Jan-2016,Jan-2016,0.0,39.0,1.0,INDIVIDUAL,,,,0.0,0.0,60685.0,,,,,,,,,,,,5800.0,,,
835351,1045272,7500.0,7500.0,7250.0, 36 months,7.49,233.27,A,A4,PCC Network Solutions,4 years,RENT,48000.0,Source Verified,Aug-2011,Fully Paid,n,https://www.lendingclub.com/browse/loanDetail.action?loan_id=835351,,debt_consolidation,Consolidation,917xx,CA,4.4,0.0,Dec-1998,0.0,48.0,107.0,7.0,1.0,6924.0,35.1,11.0,f,0.0,0.0,8394.05956753,8114.17,7500.0,894.06,0.0,0.0,0.0,Aug-2014,256.61,,Aug-2014,0.0,,1.0,INDIVIDUAL,,,,0.0,,,,,,,,,,,,,,,,,
55160465,58731257,9600.0,9600.0,9600.0, 36 months,10.99,314.25,B,B4,Security officer,10+ years,MORTGAGE,100000.0,Not Verified,Jul-2015,Current,n,https://www.lendingclub.com/browse/loanDetail.action?loan_id=55160465,,home_improvement,Home improvement,235xx,VA,31.68,1.0,Nov-1993,0.0,15.0,,14.0,0.0,27956.0,76.6,25.0,f,8210.55,8210.55,1873.78,1873.78,1389.45,484.33,0.0,0.0,0.0,Jan-2016,314.25,Feb-2016,Jan-2016,0.0,,1.0,INDIVIDUAL,,,,0.0,0.0,221615.0,,,,,,,,,,,,36500.0,,,
65877335,70572141,6500.0,6500.0,6500.0, 36 months,16.55,230.29,D,D2,Occupational Therapist,10+ years,MORTGAGE,75000.0,Verified,Dec-2015,Current,n,https://www.lendingclub.com/browse/loanDetail.action?loan_id=65877335,,small_business,Business,330xx,FL,12.52,0.0,Aug-1995,0.0,78.0,,18.0,0.0,61681.0,39.7,29.0,w,6359.36,6359.36,218.34,218.34,140.64,77.7,0.0,0.0,0.0,Jan-2016,230.29,Feb-2016,Jan-2016,0.0,79.0,1.0,INDIVIDUAL,,,,0.0,0.0,427853.0,,,,,,,,,,,,155500.0,,,
28853561,31376750,10000.0,10000.0,10000.0, 36 months,10.99,327.34,B,B3,SALES,10+ years,MORTGAGE,54000.0,Verified,Oct-2014,Current,n,https://www.lendingclub.com/browse/loanDetail.action?loan_id=28853561,,debt_consolidation,Debt consolidation,331xx,FL,22.71,0.0,Dec-1992,0.0,33.0,76.0,11.0,1.0,5242.0,14.9,22.0,w,6227.69,6227.69,4903.99,4903.99,3772.31,1131.68,0.0,0.0,0.0,Jan-2016,327.34,Feb-2016,Jan-2016,0.0,,1.0,INDIVIDUAL,,,,0.0,0.0,187579.0,,,,,,,,,,,,35100.0,,,
36118636,38830185,10000.0,10000.0,10000.0, 60 months,12.39,224.43,C,C1,Referrals/Medical Records Supervisor,6 years,MORTGAGE,45000.0,Source Verified,Nov-2014,Current,n,https://www.lendingclub.com/browse/loanDetail.action?loan_id=36118636,,credit_card,Credit card refinancing,330xx,FL,21.01,7.0,May-2002,1.0,6.0,,20.0,0.0,9765.0,54.6,28.0,w,8323.28,8323.28,2910.71,2910.71,1676.72,1233.99,0.0,0.0,0.0,Jan-2016,224.43,Feb-2016,Jan-2016,0.0,69.0,1.0,INDIVIDUAL,,,,0.0,0.0,197800.0,,,,,,,,,,,,17900.0,,,
3291852,4064880,11450.0,11450.0,11450.0, 36 months,14.33,393.18,C,C1,franks well drilling,6 years,RENT,47000.0,Not Verified,Feb-2013,Fully Paid,n,https://www.lendingclub.com/browse/loanDetail.action?loan_id=3291852,  Borrower added on 01/31/13 > To pay off my credit card debt<br>,debt_consolidation,pay off credit cards,206xx,MD,27.65,0.0,Mar-2007,1.0,,,11.0,0.0,10400.0,52.5,18.0,w,0.0,0.0,12102.67,12102.67,11450.0,652.67,0.0,0.0,0.0,Jul-2013,10529.95,,Jun-2015,0.0,,1.0,INDIVIDUAL,,,,0.0,0.0,47649.0,,,,,,,,,,,,19800.0,,,
9206740,11028754,10000.0,10000.0,10000.0, 36 months,8.9,317.54,A,A5,Driver,3 years,MORTGAGE,70000.0,Not Verified,Dec-2013,Current,n,https://www.lendingclub.com/browse/loanDetail.action?loan_id=9206740,,other,Debt Consolidation,137xx,NY,21.36,0.0,May-2000,0.0,,,8.0,0.0,10707.0,46.0,24.0,w,3342.07,3342.07,7938.5,7938.5,6657.93,1280.57,0.0,0.0,0.0,Jan-2016,317.54,Feb-2016,Jan-2016,0.0,,1.0,INDIVIDUAL,,,,0.0,0.0,89562.0,,,,,,,,,,,,23300.0,,,
5835053,7296779,14400.0,14400.0,14400.0, 36 months,11.14,472.4,B,B2,UBS ,< 1 year,RENT,115000.0,Verified,Jul-2013,Current,n,https://www.lendingclub.com/browse/loanDetail.action?loan_id=5835053,,debt_consolidation,Looking to smooth my payment stream,114xx,NY,13.3,1.0,Nov-2002,0.0,14.0,,9.0,0.0,24009.0,74.6,19.0,w,2744.25,2744.25,14172.0,14172.0,11655.75,2516.25,0.0,0.0,0.0,Jan-2016,472.4,Feb-2016,Jan-2016,0.0,,1.0,INDIVIDUAL,,,,0.0,0.0,54539.0,,,,,,,,,,,,32200.0,,,
5638128,7020469,11500.0,11500.0,11500.0, 36 months,21.98,439.08,E,E4,Northeast Brooklyn Housing Development ,< 1 year,RENT,75000.0,Not Verified,Jun-2013,Current,n,https://www.lendingclub.com/browse/loanDetail.action?loan_id=5638128,,moving,Moving and relocation,104xx,NY,4.06,1.0,Dec-2005,3.0,18.0,,15.0,0.0,6017.0,46.6,16.0,f,2081.55,2081.55,13607.48,13607.48,9418.45,4189.03,0.0,0.0,0.0,Jan-2016,439.08,Feb-2016,Jan-2016,0.0,,1.0,INDIVIDUAL,,,,0.0,0.0,41517.0,,,,,,,,,,,,12900.0,,,
2373378,2836258,10000.0,10000.0,9975.0, 36 months,13.11,337.47,B,B4,United states post office,1 year,RENT,65000.0,Not Verified,Dec-2012,Fully Paid,n,https://www.lendingclub.com/browse/loanDetail.action?loan_id=2373378,,debt_consolidation,Debt con ,168xx,PA,19.0,1.0,Feb-1997,0.0,22.0,,11.0,0.0,12404.0,47.0,15.0,f,0.0,0.0,12148.9021549,12118.53,10000.0,2148.9,0.0,0.0,0.0,Dec-2015,337.45,,Dec-2015,0.0,,1.0,INDIVIDUAL,,,,0.0,0.0,33934.0,,,,,,,,,,,,26400.0,,,
61504605,65623813,35000.0,35000.0,35000.0, 60 months,18.55,899.28,E,E2,Emergency Physician/Partner,7 years,MORTGAGE,500000.0,Verified,Nov-2015,Current,n,https://www.lendingclub.com/browse/loanDetail.action?loan_id=61504605,,small_business,Business,488xx,MI,14.34,0.0,Jul-2000,5.0,59.0,,26.0,0.0,23275.0,38.0,47.0,w,34277.99,34277.99,1726.42,1726.42,722.01,1004.41,0.0,0.0,0.0,Jan-2016,899.28,Feb-2016,Jan-2016,0.0,,1.0,INDIVIDUAL,,,,0.0,0.0,491062.0,,,,,,,,,,,,60700.0,,,
12316862,14309007,2500.0,2500.0,2500.0, 36 months,12.99,84.23,B,B5,PEACE OFFICER,5 years,OWN,60000.0,Verified,Feb-2014,Current,n,https://www.lendingclub.com/browse/loanDetail.action?loan_id=12316862,,other,Other,104xx,NY,6.4,0.0,Oct-1989,0.0,61.0,37.0,6.0,2.0,2618.0,35.9,14.0,f,1088.5,1088.5,1853.06,1853.06,1411.5,441.56,0.0,0.0,0.0,Dec-2015,84.23,Jan-2016,Jan-2016,0.0,61.0,1.0,INDIVIDUAL,,,,0.0,0.0,8739.0,,,,,,,,,,,,7300.0,,,
41318904,44225653,28000.0,28000.0,28000.0, 60 months,13.99,651.37,C,C4,Sales Manager,2 years,MORTGAGE,100000.0,Source Verified,Feb-2015,Current,n,https://www.lendingclub.com/browse/loanDetail.action?loan_id=41318904,,debt_consolidation,Debt consolidation,760xx,TX,17.52,0.0,Mar-1994,0.0,40.0,,10.0,0.0,15389.0,48.7,25.0,w,24574.75,24574.75,6491.94,6491.94,3425.25,3066.69,0.0,0.0,0.0,Dec-2015,651.37,Feb-2016,Jan-2016,0.0,,1.0,INDIVIDUAL,,,,0.0,188.0,259029.0,,,,,,,,,,,,31600.0,,,
17562927,19675473,3500.0,3500.0,3500.0, 36 months,17.57,125.78,D,D4,Pharmacy technician,7 years,RENT,32000.0,Not Verified,May-2014,Current,n,https://www.lendingclub.com/browse/loanDetail.action?loan_id=17562927,,other,Other,330xx,FL,18.99,0.0,Feb-2010,0.0,,,6.0,0.0,2013.0,31.5,7.0,w,1882.54,1882.54,2404.82,2404.82,1617.46,772.36,15.0,0.0,0.0,Jan-2016,125.78,Jan-2016,Jan-2016,0.0,,1.0,INDIVIDUAL,,,,0.0,0.0,6380.0,,,,,,,,,,,,6400.0,,,
40287696,43152429,15000.0,15000.0,15000.0, 60 months,9.49,314.96,B,B2,Accountant,10+ years,MORTGAGE,60000.0,Source Verified,Jan-2015,Current,n,https://www.lendingclub.com/browse/loanDetail.action?loan_id=40287696,,debt_consolidation,Debt consolidation,334xx,FL,21.02,1.0,Jul-1999,0.0,11.0,,12.0,0.0,13963.0,22.8,28.0,w,12752.86,12752.86,3456.65,3456.65,2247.14,1209.51,0.0,0.0,0.0,Dec-2015,314.96,Jan-2016,Jan-2016,0.0,,1.0,INDIVIDUAL,,,,0.0,0.0,57697.0,,,,,,,,,,,,61200.0,,,
55038381,58599103,10000.0,10000.0,10000.0, 60 months,12.29,223.92,C,C1,Media Director,< 1 year,RENT,70000.0,Source Verified,Jul-2015,Current,n,https://www.lendingclub.com/browse/loanDetail.action?loan_id=55038381,,debt_consolidation,Debt consolidation,352xx,AL,12.58,2.0,Aug-1995,0.0,20.0,,7.0,0.0,15507.0,89.6,14.0,w,9379.91,9379.91,1112.77,1112.77,620.09,492.68,0.0,0.0,0.0,Dec-2015,223.92,Feb-2016,Jan-2016,0.0,20.0,1.0,INDIVIDUAL,,,,0.0,0.0,79291.0,,,,,,,,,,,,17300.0,,,
29294641,31817869,12000.0,12000.0,12000.0, 36 months,14.49,413.0,C,C4,office assistant,10+ years,RENT,30000.0,Source Verified,Oct-2014,Current,n,https://www.lendingclub.com/browse/loanDetail.action?loan_id=29294641,,debt_consolidation,Debt consolidation,540xx,WI,22.4,0.0,Mar-2004,1.0,44.0,,16.0,0.0,12472.0,66.0,22.0,w,7620.13,7620.13,6195.0,6195.0,4379.87,1815.13,0.0,0.0,0.0,Jan-2016,413.0,Feb-2016,Jan-2016,0.0,,1.0,INDIVIDUAL,,,,0.0,137.0,41354.0,,,,,,,,,,,,18900.0,,,
14287949,16340344,5000.0,5000.0,5000.0, 36 months,12.49,167.25,B,B4,Plant Manager,10+ years,MORTGAGE,72450.0,Source Verified,Apr-2014,Current,n,https://www.lendingclub.com/browse/loanDetail.action?loan_id=14287949,,moving,Moving and relocation,790xx,TX,24.86,0.0,May-1997,0.0,,,8.0,0.0,8450.0,97.1,11.0,f,2311.4,2311.4,3512.25,3512.25,2688.6,823.65,0.0,0.0,0.0,Jan-2016,167.25,Feb-2016,Jan-2016,0.0,,1.0,INDIVIDUAL,,,,0.0,0.0,180266.0,,,,,,,,,,,,8700.0,,,
68008356,72867075,15000.0,15000.0,15000.0, 60 months,18.49,384.92,E,E2,Trainer,10+ years,RENT,50000.0,Not Verified,Dec-2015,Issued,n,https://www.lendingclub.com/browse/loanDetail.action?loan_id=68008356,,credit_card,Credit card refinancing,112xx,NY,9.52,1.0,Oct-2004,0.0,23.0,,10.0,0.0,12671.0,62.4,34.0,w,15000.0,15000.0,0.0,0.0,0.0,0.0,0.0,0.0,0.0,,0.0,Jan-2016,Jan-2016,0.0,,1.0,INDIVIDUAL,,,,0.0,0.0,46570.0,0.0,1.0,0.0,1.0,15.0,33899.0,100.1,7.0,7.0,4193.0,86.0,20300.0,0.0,0.0,6.0
50427828,53807620,15000.0,15000.0,15000.0, 36 months,9.99,483.94,B,B3,,,MORTGAGE,30000.0,Verified,Jun-2015,Charged Off,n,https://www.lendingclub.com/browse/loanDetail.action?loan_id=50427828,,debt_consolidation,Debt consolidation,139xx,NY,13.52,0.0,Nov-1986,0.0,41.0,,5.0,0.0,9569.0,71.9,23.0,w,0.0,0.0,951.23,951.23,721.12,230.11,0.0,0.0,0.0,Aug-2015,483.94,,Jan-2016,0.0,,1.0,INDIVIDUAL,,,,0.0,0.0,39646.0,,,,,,,,,,,,13300.0,,,
54493871,58084610,6400.0,6400.0,6400.0, 36 months,11.53,211.14,B,B5,Registered Nurse,3 years,MORTGAGE,92000.0,Source Verified,Jul-2015,Current,n,https://www.lendingclub.com/browse/loanDetail.action?loan_id=54493871,,home_improvement,Home improvement,604xx,IL,29.12,0.0,Nov-1994,0.0,41.0,,21.0,0.0,40743.0,82.0,46.0,w,5480.27,5480.27,1262.74,1262.74,919.73,343.01,0.0,0.0,0.0,Jan-2016,211.14,Feb-2016,Jan-2016,0.0,,1.0,INDIVIDUAL,,,,0.0,0.0,281931.0,,,,,,,,,,,,49700.0,,,
17805102,19937596,7600.0,7600.0,7600.0, 36 months,13.35,257.36,C,C2,,,MORTGAGE,35000.0,Verified,Jun-2014,Current,n,https://www.lendingclub.com/browse/loanDetail.action?loan_id=17805102,,debt_consolidation,Debt consolidation,480xx,MI,32.89,0.0,Jan-1985,0.0,50.0,,11.0,0.0,10437.0,79.1,29.0,f,3966.18,3966.18,4889.84,4889.84,3633.82,1256.02,0.0,0.0,0.0,Jan-2016,257.36,Feb-2016,Jan-2016,0.0,,1.0,INDIVIDUAL,,,,0.0,303.0,101857.0,,,,,,,,,,,,13200.0,,,
65303929,69890723,13775.0,13775.0,13775.0, 36 months,13.18,465.33,C,C3,Member privilege ,2 years,MORTGAGE,35000.0,Not Verified,Nov-2015,Current,n,https://www.lendingclub.com/browse/loanDetail.action?loan_id=65303929,,credit_card,Credit card refinancing,042xx,ME,19.51,0.0,Oct-2008,1.0,,,13.0,0.0,8312.0,67.0,18.0,f,13460.97,13460.97,455.24,455.24,314.03,141.21,0.0,0.0,0.0,Jan-2016,465.33,Feb-2016,Jan-2016,0.0,,1.0,INDIVIDUAL,,,,0.0,4231.0,186382.0,,,,,,,,,,,,12400.0,,,
46124656,49232389,17000.0,17000.0,17000.0, 36 months,10.99,556.48,B,B4,Chief Financial Officer,8 years,MORTGAGE,135000.0,Not Verified,Apr-2015,Current,n,https://www.lendingclub.com/browse/loanDetail.action?loan_id=46124656,,debt_consolidation,Debt consolidation,281xx,NC,20.73,0.0,Apr-2006,0.0,,,19.0,0.0,14115.0,49.2,37.0,f,13257.9,13257.9,4997.94,4997.94,3742.1,1255.84,0.0,0.0,0.0,Jan-2016,556.48,Feb-2016,Jan-2016,0.0,,1.0,INDIVIDUAL,,,,0.0,257.0,607197.0,,,,,,,,,,,,28700.0,,,
35186715,37878114,10000.0,10000.0,10000.0, 36 months,12.39,334.01,C,C1,Hostess/Cashier,7 years,RENT,32000.0,Source Verified,Nov-2014,Charged Off,n,https://www.lendingclub.com/browse/loanDetail.action?loan_id=35186715,,debt_consolidation,Debt consolidation,891xx,NV,28.77,0.0,Mar-2008,0.0,,,10.0,0.0,9558.0,66.8,10.0,f,0.0,0.0,2665.2,2665.2,1914.19,751.01,0.0,0.0,0.0,Jul-2015,334.01,,Jan-2016,0.0,,1.0,INDIVIDUAL,,,,0.0,0.0,32475.0,,,,,,,,,,,,14300.0,,,
66270272,70994987,4800.0,4800.0,4800.0, 36 months,6.89,147.97,A,A3,Human Resources,10+ years,MORTGAGE,60000.0,Not Verified,Dec-2015,Current,n,https://www.lendingclub.com/browse/loanDetail.action?loan_id=66270272,,credit_card,Credit card refinancing,310xx,GA,17.5,0.0,Sep-2003,0.0,,,12.0,0.0,9428.0,58.9,19.0,w,4679.59,4679.59,146.13,146.13,120.41,25.72,0.0,0.0,0.0,Jan-2016,147.97,Feb-2016,Jan-2016,0.0,,1.0,INDIVIDUAL,,,,0.0,135.0,294507.0,,,,,,,,,,,,16000.0,,,
42404595,45371369,6500.0,6500.0,6500.0, 36 months,6.92,200.47,A,A4,ironworker,10+ years,OWN,50000.0,Source Verified,Mar-2015,Current,n,https://www.lendingclub.com/browse/loanDetail.action?loan_id=42404595,,home_improvement,Other,260xx,WV,11.52,0.0,Sep-1994,0.0,,,12.0,0.0,8000.0,20.8,25.0,f,4827.18,4827.18,2002.2,2002.2,1672.82,329.38,0.0,0.0,0.0,Jan-2016,200.47,Feb-2016,Jan-2016,0.0,,1.0,INDIVIDUAL,,,,0.0,0.0,16643.0,,,,,,,,,,,,38400.0,,,
56994721,60707459,15000.0,15000.0,15000.0, 36 months,5.32,451.73,A,A1,CI Manage,10+ years,MORTGAGE,150000.0,Not Verified,Jul-2015,Current,n,https://www.lendingclub.com/browse/loanDetail.action?loan_id=56994721,,credit_card,Credit card refinancing,840xx,UT,10.97,0.0,Jul-1994,0.0,,,9.0,0.0,18903.0,51.2,28.0,w,13056.7,13056.7,2254.22,2254.22,1943.3,310.92,0.0,0.0,0.0,Jan-2016,451.73,Jan-2016,Jan-2016,0.0,,1.0,INDIVIDUAL,,,,0.0,0.0,402947.0,,,,,,,,,,,,36900.0,,,
64957423,69484150,35000.0,35000.0,35000.0, 36 months,7.26,1084.87,A,A4,Principal Consultant,8 years,MORTGAGE,110000.0,Verified,Nov-2015,Current,n,https://www.lendingclub.com/browse/loanDetail.action?loan_id=64957423,,credit_card,Credit card refinancing,617xx,IL,29.19,0.0,Jun-2007,0.0,,,15.0,0.0,27125.0,49.4,30.0,f,33248.48,33248.48,2141.51,2141.51,1751.52,389.99,0.0,0.0,0.0,Jan-2016,1084.87,Feb-2016,Jan-2016,0.0,,1.0,INDIVIDUAL,,,,0.0,0.0,228232.0,,,,,,,,,,,,54900.0,,,
63214960,67566689,28000.0,28000.0,28000.0, 60 months,13.99,651.37,C,C4,Mortgage Sales Manager,< 1 year,RENT,180000.0,Source Verified,Oct-2015,Current,n,https://www.lendingclub.com/browse/loanDetail.action?loan_id=63214960,,debt_consolidation,Debt consolidation,945xx,CA,13.03,0.0,Sep-1996,1.0,69.0,72.0,13.0,1.0,23964.0,68.7,48.0,w,27346.34,27346.34,1280.98,1280.98,653.66,627.32,0.0,0.0,0.0,Dec-2015,651.37,Feb-2016,Jan-2016,0.0,69.0,1.0,INDIVIDUAL,,,,0.0,0.0,82424.0,,,,,,,,,,,,34900.0,,,
42473829,45440569,12000.0,12000.0,12000.0, 36 months,6.39,367.19,A,A2,supervising attorney,10+ years,MORTGAGE,160000.0,Not Verified,Mar-2015,Current,n,https://www.lendingclub.com/browse/loanDetail.action?loan_id=42473829,,other,Other,956xx,CA,12.32,1.0,Aug-2000,0.0,23.0,,9.0,0.0,30352.0,61.1,26.0,f,8893.38,8893.38,3667.64,3667.64,3106.62,561.02,0.0,0.0,0.0,Jan-2016,367.19,Feb-2016,Jan-2016,0.0,23.0,1.0,INDIVIDUAL,,,,0.0,0.0,397545.0,,,,,,,,,,,,49700.0,,,
1559654,1826767,2250.0,2250.0,2250.0, 36 months,12.12,74.87,B,B3,Livingston Healthcare,9 years,MORTGAGE,50000.0,Not Verified,Sep-2012,Fully Paid,n,https://www.lendingclub.com/browse/loanDetail.action?loan_id=1559654,  Borrower added on 09/23/12 > first truck :-)<br><br>  Borrower added on 09/24/12 > Thanks so much to the investors who are helping me and thanks also to everyone else who will invest<br>,car,Truck,590xx,MT,5.21,0.0,Aug-2005,0.0,,97.0,5.0,1.0,467.0,18.7,16.0,f,0.0,0.0,2532.62,2532.62,2250.0,282.62,0.0,0.0,0.0,Jan-2014,1487.18,,Dec-2015,0.0,,1.0,INDIVIDUAL,,,,0.0,0.0,173290.0,,,,,,,,,,,,2500.0,,,
8659621,10431412,12800.0,12800.0,12800.0, 36 months,7.9,400.52,A,A4,Industrial District Sales Manager,10+ years,MORTGAGE,112000.0,Not Verified,Nov-2013,Fully Paid,n,https://www.lendingclub.com/browse/loanDetail.action?loan_id=8659621,,debt_consolidation,Debt1consolidate,460xx,IN,11.45,0.0,May-1986,1.0,81.0,,6.0,0.0,32988.0,71.1,22.0,w,0.0,0.0,12884.27,12884.27,12800.0,84.27,0.0,0.0,0.0,Dec-2013,12884.27,,Dec-2013,0.0,,1.0,INDIVIDUAL,,,,0.0,0.0,149366.0,,,,,,,,,,,,46400.0,,,
55301323,58872128,24000.0,24000.0,24000.0, 36 months,14.65,827.87,C,C5,CFO,6 years,OWN,78000.0,Not Verified,Jul-2015,Current,n,https://www.lendingclub.com/browse/loanDetail.action?loan_id=55301323,,other,Other,121xx,NY,19.32,1.0,Aug-2006,0.0,2.0,,6.0,0.0,15836.0,47.7,9.0,f,21259.55,21259.55,4119.82,4119.82,2740.45,1379.37,0.0,0.0,0.0,Dec-2015,827.87,Jan-2016,Jan-2016,0.0,,1.0,INDIVIDUAL,,,,0.0,0.0,333056.0,,,,,,,,,,,,33200.0,,,
8815419,10587573,3800.0,3800.0,3800.0, 36 months,10.99,124.39,B,B2,Claims representative,< 1 year,RENT,30000.0,Not Verified,Nov-2013,Current,n,https://www.lendingclub.com/browse/loanDetail.action?loan_id=8815419,,credit_card,Credit refi,850xx,AZ,10.16,0.0,Jun-1998,1.0,27.0,98.0,17.0,1.0,3808.0,66.8,31.0,f,1297.01,1297.01,3108.31,3108.31,2502.99,605.32,0.0,0.0,0.0,Dec-2015,124.39,Feb-2016,Jan-2016,0.0,34.0,1.0,INDIVIDUAL,,,,0.0,0.0,58727.0,,,,,,,,,,,,5700.0,,,
7086601,8748725,8000.0,8000.0,8000.0, 36 months,12.35,267.06,B,B4,MOT Charter School,10+ years,MORTGAGE,52000.0,Not Verified,Sep-2013,Fully Paid,n,https://www.lendingclub.com/browse/loanDetail.action?loan_id=7086601,,debt_consolidation,Debt clean up,190xx,PA,23.98,2.0,Jul-1995,0.0,7.0,,13.0,0.0,8595.0,58.1,34.0,f,0.0,0.0,8735.15593944,8735.16,8000.0,735.16,0.0,0.0,0.0,Jul-2014,6332.41,,Jan-2016,0.0,46.0,1.0,INDIVIDUAL,,,,0.0,0.0,111007.0,,,,,,,,,,,,14800.0,,,
16491843,10332295,10000.0,10000.0,10000.0, 60 months,11.67,220.79,B,B4,shovel operator,10+ years,MORTGAGE,90000.0,Not Verified,May-2014,Current,n,https://www.lendingclub.com/browse/loanDetail.action?loan_id=16491843,,debt_consolidation,Debt consolidation,557xx,MN,4.47,0.0,Jul-1999,0.0,,,6.0,0.0,7613.0,40.3,10.0,w,7435.52,7435.52,4195.01,4195.01,2564.48,1630.53,0.0,0.0,0.0,Jan-2016,220.79,Jan-2016,Jan-2016,0.0,,1.0,INDIVIDUAL,,,,0.0,0.0,108510.0,,,,,,,,,,,,18900.0,,,
12276149,14268312,14825.0,14825.0,14825.0, 36 months,10.99,485.29,B,B2,Insurance Agent,10+ years,OWN,33000.0,Verified,Feb-2014,Fully Paid,n,https://www.lendingclub.com/browse/loanDetail.action?loan_id=12276149,,debt_consolidation,Debt consolidation,443xx,OH,12.9,0.0,Jan-1970,2.0,,,17.0,0.0,16159.0,22.9,43.0,f,0.0,0.0,16954.58,16954.58,14825.0,2129.58,0.0,0.0,0.0,Nov-2015,7734.07,,Nov-2015,0.0,,1.0,INDIVIDUAL,,,,0.0,0.0,94121.0,,,,,,,,,,,,73700.0,,,
8954636,10746788,18000.0,18000.0,18000.0, 36 months,11.99,597.78,B,B3,accountant,6 years,MORTGAGE,75000.0,Source Verified,Nov-2013,Charged Off,n,https://www.lendingclub.com/browse/loanDetail.action?loan_id=8954636,  Borrower added on 11/13/13 > consolidate some debt and buy land<br>,debt_consolidation,debt & land,035xx,NH,24.82,0.0,Feb-1998,0.0,,,14.0,0.0,9936.0,75.8,40.0,w,0.0,0.0,8243.0,8243.0,5524.73,2394.67,0.0,323.6,58.248,Apr-2015,323.6,,Jan-2016,0.0,,1.0,INDIVIDUAL,,,,0.0,0.0,192509.0,,,,,,,,,,,,13110.0,,,
56037579,59699303,4800.0,4800.0,4800.0, 36 months,15.61,167.84,D,D1,office person,8 years,RENT,35000.0,Source Verified,Aug-2015,Current,n,https://www.lendingclub.com/browse/loanDetail.action?loan_id=56037579,,debt_consolidation,Debt consolidation,606xx,IL,8.88,1.0,Feb-2006,4.0,21.0,,12.0,0.0,6319.0,41.0,17.0,f,4259.11,4259.11,835.04,835.04,540.89,294.15,0.0,0.0,0.0,Jan-2016,167.84,Feb-2016,Jan-2016,0.0,,1.0,INDIVIDUAL,,,,0.0,632.0,6319.0,,,,,,,,,,,,15400.0,,,
521819,674852,2000.0,2000.0,2000.0, 36 months,13.48,67.86,C,C3,Time World USA,1 year,RENT,15996.0,Not Verified,May-2010,Fully Paid,n,https://www.lendingclub.com/browse/loanDetail.action?loan_id=521819,"  Borrower added on 05/25/10 > Used car loan<br/> Borrower added on 05/26/10 > In reference to question 1 and to anyone that is a borderline investor:<br/><br/>Currently I hold two jobs, one with Time World ( 1 yr ) and another with Chili's Bar and Grill as a bartender/server ( 8 rs ). The loan APR for this note is the best I have been offered by any bank/lender thus far at such a small amount and I plan with great intensity to pay it back in far less time than the 3 year note that it is on. The length of the note is simply a safeguard for any situation that might come up in which I could at least manage a minimum payment. Thanks to all investors thus far.<br/>",other,Q2010,750xx,TX,4.2,3.0,Mar-2001,1.0,17.0,,3.0,0.0,152.0,8.9,7.0,f,0.0,0.0,2440.74,2440.74,2000.0,440.74,0.0,0.0,0.0,Jun-2013,76.3,,Aug-2015,0.0,,1.0,INDIVIDUAL,,,,0.0,,,,,,,,,,,,,,,,,
10235610,12097763,12000.0,12000.0,12000.0, 36 months,7.9,375.49,A,A4,Director of revenue,10+ years,RENT,65000.0,Not Verified,Jan-2014,Current,n,https://www.lendingclub.com/browse/loanDetail.action?loan_id=10235610,  Borrower added on 01/07/14 > I would like to consolidate my credit cards to pay off.<br>,credit_card,Payoff,782xx,TX,16.19,0.0,Aug-1985,0.0,,,10.0,0.0,16356.0,48.8,18.0,w,4663.38,4663.38,8636.27,8636.27,7336.62,1299.65,0.0,0.0,0.0,Dec-2015,375.49,Feb-2016,Jan-2016,0.0,,1.0,INDIVIDUAL,,,,0.0,0.0,37857.0,,,,,,,,,,,,33500.0,,,
22181282,24504247,6000.0,6000.0,6000.0, 36 months,10.99,196.41,B,B3,Therapist,4 years,RENT,46000.0,Not Verified,Jul-2014,Current,n,https://www.lendingclub.com/browse/loanDetail.action?loan_id=22181282,,debt_consolidation,Debt consolidation,441xx,OH,20.38,0.0,Jun-1996,0.0,27.0,,6.0,0.0,5130.0,62.6,22.0,w,3410.65,3410.65,3338.97,3338.97,2589.35,749.62,0.0,0.0,0.0,Dec-2015,196.41,Feb-2016,Jan-2016,0.0,27.0,1.0,INDIVIDUAL,,,,0.0,0.0,65455.0,,,,,,,,,,,,8200.0,,,
68425480,73315263,15000.0,15000.0,15000.0, 60 months,17.97,380.66,D,D4,Book Keeper,2 years,RENT,45500.0,Verified,Dec-2015,Issued,n,https://www.lendingclub.com/browse/loanDetail.action?loan_id=68425480,,debt_consolidation,Debt consolidation,071xx,NJ,30.95,0.0,Jul-1998,2.0,44.0,,13.0,0.0,13021.0,37.0,50.0,w,15000.0,15000.0,0.0,0.0,0.0,0.0,0.0,0.0,0.0,,0.0,Jan-2016,Jan-2016,0.0,46.0,1.0,INDIVIDUAL,,,,0.0,0.0,38384.0,4.0,3.0,2.0,5.0,1.0,25363.0,70.6,5.0,13.0,5600.0,54.6,34000.0,4.0,0.0,3.0
19176590,21379287,5175.0,5175.0,5175.0, 36 months,9.17,164.98,B,B1,Administrative Law Judge,6 years,RENT,61254.0,Not Verified,Jun-2014,Current,n,https://www.lendingclub.com/browse/loanDetail.action?loan_id=19176590,,debt_consolidation,Debt consolidation,787xx,TX,22.28,0.0,Oct-2002,0.0,,,7.0,0.0,37535.0,89.4,15.0,f,2620.52,2620.52,3134.62,3134.62,2554.48,580.14,0.0,0.0,0.0,Jan-2016,164.98,Feb-2016,Jan-2016,0.0,,1.0,INDIVIDUAL,,,,0.0,0.0,62175.0,,,,,,,,,,,,42000.0,,,
41237254,44144017,15000.0,15000.0,14875.0, 36 months,10.99,491.01,B,B4,driver,7 years,RENT,55000.0,Verified,Mar-2015,Current,n,https://www.lendingclub.com/browse/loanDetail.action?loan_id=41237254,,debt_consolidation,Debt consolidation,437xx,OH,30.53,0.0,Dec-1993,0.0,74.0,75.0,13.0,1.0,11923.0,46.0,38.0,f,11314.29,11220.01,4900.94,4860.1,3685.71,1215.23,0.0,0.0,0.0,Jan-2016,491.01,Feb-2016,Jan-2016,0.0,,1.0,INDIVIDUAL,,,,0.0,0.0,38655.0,,,,,,,,,,,,25900.0,,,
55501791,59103522,16000.0,16000.0,16000.0, 36 months,8.18,502.72,B,B1,Accountant,10+ years,MORTGAGE,50000.0,Not Verified,Jul-2015,Current,n,https://www.lendingclub.com/browse/loanDetail.action?loan_id=55501791,,credit_card,Credit card refinancing,494xx,MI,10.23,0.0,Jun-1978,0.0,,58.0,12.0,1.0,13222.0,50.7,39.0,w,13597.46,13597.46,3009.05,3009.05,2402.54,606.51,0.0,0.0,0.0,Jan-2016,502.72,Feb-2016,Jan-2016,0.0,,1.0,INDIVIDUAL,,,,0.0,0.0,13222.0,,,,,,,,,,,,26100.0,,,
55512513,59114245,20650.0,20650.0,20325.0, 60 months,13.99,480.39,C,C4,finance manager,4 years,MORTGAGE,180000.0,Not Verified,Jul-2015,Current,n,https://www.lendingclub.com/browse/loanDetail.action?loan_id=55512513,,debt_consolidation,Debt consolidation,930xx,CA,24.59,0.0,Jan-1998,1.0,,,13.0,0.0,41909.0,57.5,32.0,f,19169.56,18867.86,2850.24,2805.38,1480.44,1369.8,0.0,0.0,0.0,Jan-2016,480.39,Feb-2016,Jan-2016,0.0,,1.0,INDIVIDUAL,,,,0.0,0.0,781995.0,,,,,,,,,,,,72900.0,,,
29064657,31597875,11600.0,11600.0,11600.0, 36 months,12.49,388.01,B,B5,President,10+ years,MORTGAGE,83000.0,Verified,Nov-2014,Current,n,https://www.lendingclub.com/browse/loanDetail.action?loan_id=29064657,,debt_consolidation,Debt consolidation,622xx,IL,26.63,0.0,Sep-1987,2.0,34.0,,19.0,0.0,34349.0,76.8,54.0,f,7594.18,7594.18,5420.07,5420.07,4005.82,1414.25,0.0,0.0,0.0,Jan-2016,388.01,Feb-2016,Jan-2016,0.0,34.0,1.0,INDIVIDUAL,,,,0.0,0.0,226616.0,,,,,,,,,,,,44700.0,,,
67939093,72797826,35000.0,35000.0,35000.0, 60 months,17.86,886.11,D,D5,"Director, Product Management-Ammunition",10+ years,MORTGAGE,130000.0,Source Verified,Dec-2015,Issued,n,https://www.lendingclub.com/browse/loanDetail.action?loan_id=67939093,,credit_card,Credit card refinancing,357xx,AL,16.31,0.0,Mar-1989,4.0,,,10.0,0.0,35974.0,59.8,15.0,w,35000.0,35000.0,0.0,0.0,0.0,0.0,0.0,0.0,0.0,,0.0,Jan-2016,Jan-2016,0.0,,1.0,INDIVIDUAL,,,,0.0,0.0,72724.0,5.0,2.0,2.0,2.0,2.0,36750.0,96.7,3.0,3.0,18965.0,74.1,60200.0,1.0,0.0,5.0
46427117,49564865,24000.0,24000.0,24000.0, 60 months,8.18,488.71,B,B1,Director of Online Marketing,2 years,MORTGAGE,165000.0,Source Verified,Apr-2015,Current,n,https://www.lendingclub.com/browse/loanDetail.action?loan_id=46427117,,credit_card,Credit card refinancing,604xx,IL,15.35,0.0,Jul-1996,0.0,,,9.0,0.0,54308.0,44.4,22.0,w,21336.21,21336.21,3887.87,3887.87,2663.79,1224.08,0.0,0.0,0.0,Dec-2015,488.71,Feb-2016,Jan-2016,1.0,,1.0,INDIVIDUAL,,,,0.0,113.0,479275.0,,,,,,,,,,,,95000.0,,,
12985783,15017978,15000.0,15000.0,15000.0, 60 months,16.59,369.49,D,D1,Firefighter,8 years,MORTGAGE,81000.0,Source Verified,Mar-2014,Current,n,https://www.lendingclub.com/browse/loanDetail.action?loan_id=12985783,,debt_consolidation,Debt consolidation,146xx,NY,8.73,2.0,Sep-1996,0.0,7.0,,15.0,0.0,2987.0,69.5,29.0,w,11081.03,11081.03,7759.29,7759.29,3918.97,3840.32,0.0,0.0,0.0,Jan-2016,369.49,Feb-2016,Jan-2016,0.0,46.0,1.0,INDIVIDUAL,,,,0.0,0.0,229988.0,,,,,,,,,,,,4300.0,,,
8596844,10348887,23000.0,23000.0,23000.0, 60 months,25.8,685.92,G,G1,Server,2 years,RENT,59500.0,Verified,Nov-2013,Fully Paid,n,https://www.lendingclub.com/browse/loanDetail.action?loan_id=8596844,,debt_consolidation,Get Out of Debt!,750xx,TX,14.64,0.0,Dec-2001,2.0,,118.0,12.0,1.0,19959.0,54.7,17.0,f,0.0,0.0,25900.4660663,25900.47,23000.0,2900.47,0.0,0.0,0.0,May-2014,22475.07,,Sep-2014,0.0,,1.0,INDIVIDUAL,,,,0.0,0.0,33240.0,,,,,,,,,,,,36500.0,,,
26268170,28741166,24000.0,24000.0,24000.0, 60 months,17.57,603.85,D,D4,Manager,10+ years,MORTGAGE,112000.0,Source Verified,Sep-2014,Late (16-30 days),n,https://www.lendingclub.com/browse/loanDetail.action?loan_id=26268170,,debt_consolidation,Debt consolidation,298xx,SC,19.61,1.0,Apr-1992,1.0,19.0,,12.0,0.0,35420.0,90.8,32.0,f,19806.69,19806.69,9057.75,9057.75,4193.31,4864.44,0.0,0.0,0.0,Dec-2015,603.85,Feb-2016,Jan-2016,0.0,,1.0,INDIVIDUAL,,,,0.0,0.0,268435.0,,,,,,,,,,,,39000.0,,,
60822416,64864217,17000.0,17000.0,17000.0, 36 months,10.99,556.48,B,B4,Teacher,10+ years,MORTGAGE,77000.0,Not Verified,Sep-2015,Current,n,https://www.lendingclub.com/browse/loanDetail.action?loan_id=60822416,,debt_consolidation,Debt consolidation,015xx,MA,8.99,0.0,Jul-2003,0.0,,,10.0,0.0,21240.0,58.5,28.0,f,15654.83,15654.83,1789.62,1789.62,1345.17,444.45,0.0,0.0,0.0,Dec-2015,600.0,Jan-2016,Jan-2016,0.0,,1.0,INDIVIDUAL,,,,0.0,0.0,247484.0,,,,,,,,,,,,36300.0,,,
46640466,49788187,12000.0,12000.0,12000.0, 60 months,12.69,271.14,C,C2,Field Landman,2 years,MORTGAGE,95000.0,Source Verified,Apr-2015,Current,n,https://www.lendingclub.com/browse/loanDetail.action?loan_id=46640466,,major_purchase,Major purchase,152xx,PA,22.65,0.0,Aug-2001,0.0,,,14.0,0.0,15540.0,35.6,18.0,w,10802.46,10802.46,2160.66,2160.66,1197.54,963.12,0.0,0.0,0.0,Dec-2015,271.14,Jan-2016,Jan-2016,0.0,,1.0,INDIVIDUAL,,,,0.0,0.0,62332.0,,,,,,,,,,,,43600.0,,,
56139122,59800885,20000.0,20000.0,20000.0, 60 months,11.53,440.16,B,B5,Recruiter/Military Liaison Officer,10+ years,MORTGAGE,53473.83,Not Verified,Jul-2015,Current,n,https://www.lendingclub.com/browse/loanDetail.action?loan_id=56139122,,debt_consolidation,Debt consolidation,230xx,VA,20.98,0.0,Sep-2003,0.0,,118.0,6.0,1.0,4144.0,51.8,19.0,w,18475.84,18475.84,2615.34,2615.34,1524.16,1091.18,0.0,0.0,0.0,Jan-2016,440.16,Feb-2016,Jan-2016,0.0,,1.0,INDIVIDUAL,,,,0.0,0.0,190774.0,,,,,,,,,,,,8000.0,,,
46816178,49964028,16800.0,16800.0,16800.0, 36 months,12.29,560.34,C,C1,"physical therapist, home health",2 years,RENT,67000.0,Not Verified,Apr-2015,Current,n,https://www.lendingclub.com/browse/loanDetail.action?loan_id=46816178,,debt_consolidation,Debt consolidation,905xx,CA,7.63,0.0,Jan-2004,2.0,,,7.0,0.0,15007.0,58.6,29.0,w,13580.1,13580.1,4459.78,4459.78,3219.9,1239.88,0.0,0.0,0.0,Jan-2016,560.34,Jan-2016,Jan-2016,0.0,,1.0,INDIVIDUAL,,,,0.0,0.0,182598.0,,,,,,,,,,,,25600.0,,,
10165689,12017788,9025.0,9025.0,9025.0, 36 months,15.61,315.56,C,C4,SS1,10+ years,OWN,101000.0,Source Verified,Dec-2013,Fully Paid,n,https://www.lendingclub.com/browse/loanDetail.action?loan_id=10165689,,debt_consolidation,Truck,295xx,SC,19.72,1.0,Sep-2000,0.0,23.0,16.0,11.0,1.0,15081.0,59.1,21.0,f,0.0,0.0,10541.5237379,10541.52,9025.0,1516.52,0.0,0.0,0.0,Apr-2015,6124.92,,Apr-2015,0.0,23.0,1.0,INDIVIDUAL,,,,0.0,0.0,56479.0,,,,,,,,,,,,25500.0,,,
53282178,56901890,10000.0,10000.0,9975.0, 60 months,17.86,253.18,D,D5,Bar Manager,3 years,RENT,55000.0,Source Verified,Jul-2015,Current,n,https://www.lendingclub.com/browse/loanDetail.action?loan_id=53282178,,debt_consolidation,Debt consolidation,945xx,CA,15.82,1.0,Jun-2003,1.0,17.0,,7.0,0.0,11818.0,68.3,21.0,f,9350.16,9326.78,1509.16,1505.39,649.84,859.32,0.0,0.0,0.0,Jan-2016,253.18,Feb-2016,Jan-2016,0.0,48.0,1.0,INDIVIDUAL,,,,0.0,0.0,38677.0,,,,,,,,,,,,17300.0,,,
43286297,46303047,7000.0,7000.0,7000.0, 36 months,10.99,229.14,B,B4,CFO & Treasurer,10+ years,MORTGAGE,115000.0,Not Verified,Mar-2015,Current,n,https://www.lendingclub.com/browse/loanDetail.action?loan_id=43286297,,credit_card,Credit card refinancing,112xx,NY,35.12,1.0,Jul-1992,0.0,7.0,,16.0,0.0,104701.0,79.9,34.0,f,5459.13,5459.13,2057.99,2057.99,1540.87,517.12,0.0,0.0,0.0,Dec-2015,229.14,Feb-2016,Jan-2016,0.0,42.0,1.0,INDIVIDUAL,,,,0.0,0.0,393602.0,,,,,,,,,,,,114400.0,,,
40371019,43235766,12000.0,12000.0,12000.0, 60 months,18.54,308.26,E,E1,production supervisor,7 years,RENT,67000.0,Source Verified,Feb-2015,Current,n,https://www.lendingclub.com/browse/loanDetail.action?loan_id=40371019,,debt_consolidation,Debt consolidation,920xx,CA,18.18,3.0,Jul-2001,0.0,7.0,,6.0,0.0,13290.0,77.3,17.0,f,10539.15,10539.15,3378.5,3378.5,1460.85,1917.65,0.0,0.0,0.0,Jan-2016,308.26,Feb-2016,Jan-2016,0.0,56.0,1.0,INDIVIDUAL,,,,0.0,0.0,50597.0,,,,,,,,,,,,17200.0,,,
8977847,10779853,10000.0,10000.0,10000.0, 36 months,6.62,307.04,A,A2,Clerical/Sales,1 year,RENT,30000.0,Not Verified,Nov-2013,Current,n,https://www.lendingclub.com/browse/loanDetail.action?loan_id=8977847,,credit_card,Consolidation,468xx,IN,22.96,0.0,Aug-2000,0.0,,,24.0,0.0,8333.0,33.3,44.0,w,3268.14,3268.14,7676.0,7676.0,6731.86,944.14,0.0,0.0,0.0,Dec-2015,307.04,Feb-2016,Jan-2016,0.0,,1.0,INDIVIDUAL,,,,0.0,0.0,59953.0,,,,,,,,,,,,25000.0,,,
1366959,1611338,30225.0,20800.0,20775.0, 36 months,6.62,638.64,A,A2,US Army,10+ years,RENT,100000.0,Verified,Jul-2012,Fully Paid,n,https://www.lendingclub.com/browse/loanDetail.action?loan_id=1366959,  Borrower added on 06/15/12 > Purchase crude peanut oil machinery<br>,small_business,Business,660xx,KS,2.83,0.0,Dec-1989,0.0,,,12.0,0.0,10586.0,14.6,24.0,f,0.0,0.0,22832.5965308,22805.17,20800.0,2032.6,0.0,0.0,0.0,Oct-2014,6249.05,,Mar-2015,0.0,,1.0,INDIVIDUAL,,,,0.0,,,,,,,,,,,,,,,,,
65691580,70324302,5000.0,5000.0,5000.0, 36 months,9.99,161.32,B,B3,,,RENT,85000.0,Verified,Nov-2015,Current,n,https://www.lendingclub.com/browse/loanDetail.action?loan_id=65691580,,debt_consolidation,Debt consolidation,117xx,NY,28.39,0.0,Aug-1989,2.0,58.0,,25.0,0.0,18045.0,49.0,30.0,f,4880.31,4880.31,157.16,157.16,119.69,37.47,0.0,0.0,0.0,Dec-2015,161.32,Feb-2016,Jan-2016,0.0,,1.0,INDIVIDUAL,,,,0.0,0.0,81739.0,,,,,,,,,,,,36800.0,,,
4094768,5226944,8000.0,8000.0,8000.0, 36 months,15.31,278.54,C,C2,"Hall & Evans, LLC",8 years,MORTGAGE,65000.0,Source Verified,Apr-2013,Current,n,https://www.lendingclub.com/browse/loanDetail.action?loan_id=4094768,  Borrower added on 03/29/13 > I am getting married in the next 60 days.  This will be a much better option than putting this all on credit cards.  Easy to pay off.<br>,debt_consolidation,Wedding Loan,801xx,CO,21.53,0.0,Oct-1982,3.0,27.0,,13.0,0.0,7718.0,38.0,38.0,f,815.15,815.15,9191.12,9191.12,7184.85,2006.27,0.0,0.0,0.0,Jan-2016,278.54,Feb-2016,Jan-2016,0.0,,1.0,INDIVIDUAL,,,,0.0,0.0,183986.0,,,,,,,,,,,,20300.0,,,
46517942,49655727,11950.0,11950.0,11950.0, 36 months,18.25,433.53,E,E1,Travel Counselor,< 1 year,RENT,50000.0,Not Verified,Apr-2015,Fully Paid,n,https://www.lendingclub.com/browse/loanDetail.action?loan_id=46517942,,debt_consolidation,Debt consolidation,770xx,TX,24.58,0.0,Aug-2001,0.0,,58.0,13.0,1.0,12189.0,53.5,53.0,f,0.0,0.0,12751.47,12751.47,11950.0,801.47,0.0,0.0,0.0,Sep-2015,11402.43,,Jan-2016,0.0,,1.0,INDIVIDUAL,,,,0.0,2613.0,90279.0,,,,,,,,,,,,22800.0,,,
8647239,3983180,10800.0,10800.0,10800.0, 36 months,6.62,331.6,A,A2,Nurse,< 1 year,MORTGAGE,55000.0,Not Verified,Nov-2013,Fully Paid,n,https://www.lendingclub.com/browse/loanDetail.action?loan_id=8647239,,debt_consolidation,Debt Consolidation,060xx,CT,12.26,0.0,Nov-2001,0.0,,,11.0,0.0,10190.0,53.1,48.0,f,0.0,0.0,11326.7582955,11326.76,10800.0,526.76,0.0,0.0,0.0,Sep-2014,8345.27,,Jan-2016,0.0,,1.0,INDIVIDUAL,,,,0.0,0.0,148794.0,,,,,,,,,,,,19200.0,,,
39420014,42223764,10000.0,10000.0,9975.0, 36 months,11.99,332.1,B,B5,Nursing Education,10+ years,RENT,66000.0,Verified,Feb-2015,Current,n,https://www.lendingclub.com/browse/loanDetail.action?loan_id=39420014,,major_purchase,Major purchase,940xx,CA,4.05,0.0,May-1994,1.0,63.0,44.0,12.0,1.0,6441.0,42.1,25.0,f,7314.49,7296.21,3668.35,3659.18,2685.51,982.84,0.0,0.0,0.0,Jan-2016,332.1,Feb-2016,Jan-2016,0.0,63.0,1.0,INDIVIDUAL,,,,0.0,0.0,6441.0,,,,,,,,,,,,15300.0,,,
689052,879253,8000.0,8000.0,8000.0, 60 months,9.63,168.53,B,B1,Lilliston Ford ,10+ years,MORTGAGE,55000.0,Verified,Mar-2011,Fully Paid,n,https://www.lendingclub.com/browse/loanDetail.action?loan_id=689052,"  Borrower added on 03/03/11 > -Loan will be used to finish remodel of kitchen<br/><br/>-My Credit Score is over 800, never been late on a payment ever.<br/><br/>-I have a stable job ive been with the company for now 10 yrs.<br/>-Wife works as well.<br/><br/>- Any questions please feel free to ask!<br/>",home_improvement,Kitchen,083xx,NJ,25.55,0.0,Sep-1986,0.0,,,8.0,0.0,494.0,4.7,17.0,f,0.0,0.0,10058.4689015,10058.47,8000.0,2058.47,0.0,0.0,0.0,Jul-2015,1506.49,,Aug-2015,0.0,,1.0,INDIVIDUAL,,,,0.0,,,,,,,,,,,,,,,,,
8976324,10778382,15000.0,15000.0,15000.0, 36 months,7.9,469.36,A,A4,Director,10+ years,MORTGAGE,78573.0,Source Verified,Nov-2013,Charged Off,n,https://www.lendingclub.com/browse/loanDetail.action?loan_id=8976324,  Borrower added on 11/15/13 > I need to lower my credit utilization ratio to qualify for a mortgage assumption necessary to move on to another stage in life.  This loan will be to pay off all individual credit card debt in full. I'm focused on becoming consumer debt-free as quickly as possible.<br>,credit_card,Credit Card Consolidation,210xx,MD,20.21,0.0,May-2002,0.0,,,11.0,0.0,24916.0,69.8,24.0,f,0.0,0.0,3283.42,3283.42,2644.4,639.02,0.0,0.0,0.0,Jul-2014,469.36,,Jan-2016,0.0,,1.0,INDIVIDUAL,,,,0.0,0.0,316403.0,,,,,,,,,,,,35700.0,,,
65604986,70247805,14000.0,14000.0,14000.0, 36 months,5.32,421.61,A,A1,Safety and Health Specialist,3 years,MORTGAGE,65000.0,Source Verified,Nov-2015,Current,n,https://www.lendingclub.com/browse/loanDetail.action?loan_id=65604986,,credit_card,Credit card refinancing,435xx,OH,10.95,0.0,Jan-2004,1.0,,,6.0,0.0,9217.0,27.5,12.0,w,13640.46,13640.46,417.47,417.47,359.54,57.93,0.0,0.0,0.0,Dec-2015,421.61,Feb-2016,Jan-2016,0.0,,1.0,INDIVIDUAL,,,,0.0,0.0,151122.0,,,,,,,,,,,,33500.0,,,
6995567,8637716,19725.0,19725.0,19725.0, 60 months,13.68,455.71,C,C1,Virginia Commonwealth University,2 years,MORTGAGE,73410.0,Verified,Sep-2013,Current,n,https://www.lendingclub.com/browse/loanDetail.action?loan_id=6995567,  Borrower added on 08/28/13 > Consolidate credit card balances with higher interest rates.<br>,debt_consolidation,consolidation,232xx,VA,22.23,0.0,Dec-2001,0.0,,,8.0,0.0,31123.0,82.3,11.0,f,12161.34,12161.34,12759.03,12759.03,7563.66,5195.37,0.0,0.0,0.0,Jan-2016,455.71,Feb-2016,Jan-2016,0.0,,1.0,INDIVIDUAL,,,,0.0,0.0,73559.0,,,,,,,,,,,,37800.0,,,
6928320,8570262,35000.0,35000.0,35000.0, 60 months,22.7,980.65,E,E5,Diamond Offshore Company,10+ years,MORTGAGE,105000.0,Verified,Sep-2013,Current,n,https://www.lendingclub.com/browse/loanDetail.action?loan_id=6928320,,credit_card,Credit card refinancing,770xx,TX,20.54,0.0,May-1984,2.0,,,29.0,0.0,40260.0,53.9,48.0,f,23380.44,23380.44,27457.8,27457.8,11619.56,15838.24,0.0,0.0,0.0,Jan-2016,980.65,Feb-2016,Jan-2016,0.0,,1.0,INDIVIDUAL,,,,0.0,0.0,195590.0,,,,,,,,,,,,74700.0,,,
60840520,64882243,27475.0,27475.0,27475.0, 36 months,9.17,875.88,B,B2,Senior Director,9 years,OWN,117500.0,Verified,Oct-2015,Current,n,https://www.lendingclub.com/browse/loanDetail.action?loan_id=60840520,,credit_card,Credit card refinancing,114xx,NY,16.5,0.0,Feb-1979,1.0,,,16.0,0.0,33888.0,40.9,41.0,f,25461.92,25461.92,2599.65,2599.65,2013.08,586.57,0.0,0.0,0.0,Jan-2016,875.88,Feb-2016,Jan-2016,0.0,,1.0,INDIVIDUAL,,,,0.0,0.0,58269.0,,,,,,,,,,,,82900.0,,,
61431252,65550028,20300.0,20300.0,20300.0, 36 months,5.32,611.34,A,A1,Senior Vice President,5 years,MORTGAGE,162000.0,Not Verified,Oct-2015,Current,n,https://www.lendingclub.com/browse/loanDetail.action?loan_id=61431252,,credit_card,Credit card refinancing,201xx,VA,23.09,0.0,Jun-1982,1.0,45.0,,13.0,0.0,31498.0,45.6,55.0,w,18729.03,18729.03,1855.01,1855.01,1570.97,284.04,0.0,0.0,0.0,Jan-2016,611.34,Feb-2016,Jan-2016,0.0,80.0,1.0,INDIVIDUAL,,,,0.0,0.0,238478.0,,,,,,,,,,,,69100.0,,,
43580138,46606883,24000.0,24000.0,24000.0, 60 months,9.17,500.19,B,B2,Agent,9 years,RENT,100000.0,Verified,Apr-2015,Current,n,https://www.lendingclub.com/browse/loanDetail.action?loan_id=43580138,,credit_card,Credit card refinancing,430xx,OH,25.03,5.0,Oct-1995,0.0,13.0,,23.0,0.0,30453.0,52.7,53.0,w,21060.17,21060.17,4519.64,4519.64,2939.83,1579.81,0.0,0.0,0.0,Jan-2016,500.19,Feb-2016,Jan-2016,0.0,13.0,1.0,INDIVIDUAL,,,,0.0,0.0,68155.0,,,,,,,,,,,,57739.0,,,
46632827,49780654,10000.0,10000.0,10000.0, 36 months,12.69,335.45,C,C2,Audit Representative Assistant,3 years,RENT,43680.0,Not Verified,Apr-2015,Fully Paid,n,https://www.lendingclub.com/browse/loanDetail.action?loan_id=46632827,,debt_consolidation,Debt consolidation,957xx,CA,24.95,0.0,Sep-1999,1.0,,73.0,5.0,1.0,1348.0,77.0,29.0,w,0.0,0.0,10757.69,10757.69,10000.0,757.69,0.0,0.0,0.0,Dec-2015,8716.79,,Dec-2015,0.0,33.0,1.0,INDIVIDUAL,,,,0.0,0.0,19333.0,,,,,,,,,,,,1750.0,,,
